Real Time,Scheduled Time
2023-06-24 08:15:42,2023-06-24 10:33:59
2023-06-24 12:55:28,2023-06-24 09:42:05
2023-06-24 16:26:57,2023-06-24 14:17:19
2023-06-24 07:48:23,2023-06-24 11:24:13
2023-06-24 17:59:41,2023-06-24 15:36:31
2023-06-24 09:22:58,2023-06-24 16:04:03
2023-06-24 13:47:02,2023-06-24 13:21:41
2023-06-24 15:33:19,2023-06-24 08:52:12
2023-06-24 11:58:07,2023-06-24 10:57:27
2023-06-24 14:10:52,2023-06-24 12:47:25
2023-06-24 10:30:14,2023-06-24 07:59:03
2023-06-24 12:46:27,2023-06-24 15:17:41
2023-06-24 16:02:03,2023-06-24 09:06:42
2023-06-24 07:27:34,2023-06-24 13:55:12
2023-06-24 10:18:50,2023-06-24 11:39:21
2023-06-24 15:48:13,2023-06-24 14:22:38
2023-06-24 08:55:09,2023-06-24 16:29:51
2023-06-24 13:12:21,2023-06-24 08:46:20
2023-06-24 17:26:39,2023-06-24 10:01:59
2023-06-24 09:37:11,2023-06-24 15:19:24
2023-06-24 11:53:22,2023-06-24 07:47:53
2023-06-24 14:08:34,2023-06-24 12:11:19
2023-06-24 16:23:58,2023-06-24 13:37:03
2023-06-24 07:29:44,2023-06-24 09:48:04
2023-06-24 09:43:39,2023-06-24 11:55:27
2023-06-24 13:04:15,2023-06-24 14:09:28
2023-06-24 15:21:01,2023-06-24 07:32:17
2023-06-24 07:40:52,2023-06-24 15:08:43
